小米8青春版 镜面渐变AI双摄 6GB+64GB 梦幻蓝 全网通4G 双卡双待 全面屏拍照游戏智能手机,1699.00,[]
小米 红米Note5 全网通版 6GB+128GB 黑色 移动联通电信4G手机 双卡双待,1399.00,8514651
小米 红米6 Pro AI美颜双摄 4GB+32GB 曜石黑 全网通4G手机 双卡双待,899.00,7651931
小米8 全面屏游戏智能手机 6GB+64GB 黑色 全网通4G 双卡双待,2499.00,7437788
小米8 全面屏游戏智能手机 6GB+64GB 蓝色 全网通4G 双卡双待,2499.00,7437780
小米（MI）小米电视4X 55英寸 L55M5-AD 2GB+8GB HDR 4K超高清 蓝牙语音遥控 人工智能语音网络液晶平板电视,2499.00,7641991
小米 红米6 4GB+64GB 流沙金 全网通4G手机 双卡双待,849.00,8051124
小米 红米6 4GB+64GB 铂银灰 全网通4G手机 双卡双待,849.00,8051104
小米 红米6A AI美颜 3GB+32GB 流沙金 全网通4G手机 双卡双待,669.00,8264403
小米8 全面屏游戏智能手机 6GB+64GB 金色 全网通4G 双卡双待,2499.00,7652159
小米8 全面屏游戏智能手机 6GB+64GB 白色 全网通4G 双卡双待,2499.00,7652139
小米MIX2S 全面屏游戏手机 6GB+128GB 黑色 全网通4G 陶瓷手机,2899.00,6735790
小米8 全面屏游戏智能拍照手机 8GB+128GB 黑色 骁龙845 全网通4G 双卡双待,3099.00,8782991
小米（MI）小米电视4X 43英寸 L43M5-4X 1GB+8GB 全高清 蓝牙语音遥控 人工智能语音网络液晶平板电视,1499.00,100001063264
小米（MI）小米电视4A 65英寸 L65M5-AZ/L65M5-AD 2GB+8GB HDR 4K超高清 人工智能网络液晶平板电视,3999.00,4609660
小米8 全面屏游戏智能手机 6GB+128GB 黑色 全网通4G 双卡双待,2799.00,7652141
小米6X 全网通 4GB+64GB 曜石黑 移动联通电信4G手机 双卡双待 智能手机 拍照手机,1299.00,[]
小米Max2 大屏手机 4GB+64GB 金色 全网通4G手机 双卡双待,999.00,5159242
小米8SE 全面屏智能游戏拍照手机 6GB+64GB 灰色 骁龙处理器 全网通4G 双卡双待,1699.00,7437786
小米8青春版 镜面渐变AI双摄 6GB+128GB 梦幻蓝 全网通4G 双卡双待 全面屏拍照游戏智能手机,1999.00,100000503275
小米（MI）小米电视4A 32英寸 L32M5-AZ 1GB+4GB 四核处理器 高清人工智能网络液晶平板电视,799.00,4620979
小米8屏幕指纹版 6GB+128GB 黑色 全网通4G 双卡双待 全面屏拍照游戏智能手机,3199.00,100000400010
小米8青春版 镜面渐变AI双摄 6GB+128GB 深空灰 全网通4G 双卡双待 全面屏拍照游戏智能手机,1999.00,100000503277
小米8青春版 镜面渐变AI双摄 6GB+64GB 深空灰 全网通4G 双卡双待 全面屏拍照游戏智能手机,1699.00,100000349372
小米（MI）小爱同学mini网络AI音箱人工语音智能闹钟音响小艾同学蓝牙Wifi迷你家用便携低音炮 小爱音箱mini版,169.00,[]
小米 红米6A AI美颜 3GB+32GB 铂银灰 全网通4G手机 双卡双待,669.00,8264407
小米6X 全网通 4GB+64GB 樱花粉 移动联通电信4G手机 双卡双待 智能手机 拍照手机,1299.00,7633911
小米 红米Note5 全网通版 6GB+128GB 金色 移动联通电信4G手机 双卡双待,1399.00,8302186
小米 红米Note5 全网通版 6GB+128GB 赤焰红 移动联通电信4G手机 双卡双待,1299.00,8302184
小米8SE 全面屏智能手机 4GB+64GB 灰色 全网通4G 双卡双待,1569.00,7652161
小米（MI）小米电视4A  55英寸 L55M5-AZ/L55M5-AD  2GB+8GB  HDR 4K超高清 人工智能网络液晶平板电视,2299.00,4609652
小米 8SE 全面屏智能手机 6GB+128GB 灰色 全网通4G 双卡双待 拍照手机 游戏手机,2099.00,8656283
小米 红米6 3GB+32GB 铂银灰 全网通4G手机 双卡双待,699.00,[]
小米Mix3 8GB+256GB黑色 骁龙845全网通4G 双卡双待 全面屏拍照游戏智能手机,3999.00,7652011
小米 红米Note5 全网通版 6GB+128GB 玫瑰金 移动联通电信4G手机 双卡双待,1399.00,8514625
小米 红米6A AI美颜 3GB+32GB 樱花粉 全网通4G手机 双卡双待,669.00,8264405
小米 红米6 Pro AI美颜双摄 4GB+64GB 曜石黑 全网通4G手机 双卡双待,1099.00,7651947
小米MIX2S 全面屏游戏手机 6GB+128GB 白色 全网通4G 陶瓷手机,2899.00,6949477
小米 红米Note5 全网通版 4GB+64GB 黑色 移动联通电信4G手机 双卡双待 拍照手机,1149.00,6600258
小米 红米6 Pro AI美颜双摄 4GB+32GB 流沙金 全网通4G手机 双卡双待,899.00,7819736
小米8 全面屏游戏智能手机 8GB+128GB 蓝色 全网通4G 双卡双待,3099.00,8570968
小米8SE 全面屏智能手机 4GB+64GB 红色 全网通4G 双卡双待,1569.00,7437782
小米6X 全网通 6GB+128GB 曜石黑 移动联通电信4G手机 双卡双待 智能手机 拍照手机,1599.00,7119990
小米 红米6 Pro AI美颜双摄 3GB+32GB 曜石黑 全网通4G手机 双卡双待,869.00,7437560
小米8SE 全面屏智能手机 4GB+64GB 蓝色 全网通4G 双卡双待,1569.00,7652163
小米 红米6 4GB+64GB 樱花粉 全网通4G手机 双卡双待,849.00,8051102
小米Max3 大屏游戏智能手机 6GB+128GB 黑色 全网通4G手机 双卡双待,1899.00,8457421
小米8 全面屏游戏智能手机 6GB+128GB 白色 全网通4G 双卡双待,2799.00,7437762
小米（MI）90分旅行箱拉杆箱 男女万向托运旅行皮箱24英寸轻巧便利出差旅游行李箱 星空灰-24英寸,349.00,[]
小米（MI）小米电视4C 32英寸 L32M5-AD 1GB+4GB 四核处理器 高清人工智能网络液晶平板电视,799.00,7680253
小米 红米6 3GB+32GB 流沙金 全网通4G手机 双卡双待,699.00,7651903
小米8 全面屏游戏智能手机 6GB+256GB 黑色 全网通4G 双卡双待,3099.00,7652145
小米 红米6 Pro AI美颜双摄 4GB+32GB 樱花粉 全网通4G手机 双卡双待,899.00,8033417
小米 红米6A AI美颜 3GB+32GB 巴厘蓝 全网通4G手机 双卡双待,669.00,8051122
小米 红米6 4GB+64GB 巴厘蓝 全网通4G手机 双卡双待,849.00,8264427
小米6X 全网通 6GB+64GB 曜石黑 移动联通电信4G手机 双卡双待 智能手机 拍照手机,1399.00,7120002
小米（MI）笔记本电脑15.6英寸轻薄独显便携商务办公学生超薄游戏商用上网超级本 【标配】 i5 4G 128+1T独显2G,3868.00,[]
小米 红米6A 全网通版 2GB内存 流沙金 16GB 移动联通电信4G手机 双卡双待 拍照手机,569.00,7437768
小米（MI）小米电视4 55英寸 L55M5-AB 4.9mm超薄 2GB+8GB  HDR 4K超高清 蓝牙语音 人工智能语音平板电视,3699.00,5102214
小米8 全面屏游戏智能手机 6GB+128GB 金色 全网通4G 双卡双待,2799.00,7437764
小米（MI）小米电视4C 32英寸 L32M5-AD 1GB+4GB 四核处理器 高清人工智能网络液晶平板电视,799.00,7680253
小米 红米6 3GB+32GB 流沙金 全网通4G手机 双卡双待,699.00,7651903
小米8 全面屏游戏智能手机 6GB+256GB 黑色 全网通4G 双卡双待,3099.00,7652145
小米 红米6 Pro AI美颜双摄 4GB+32GB 樱花粉 全网通4G手机 双卡双待,899.00,8033417
小米（MI）笔记本电脑Air 13.3英寸全固态指纹金属超薄便携商务办公学生超级本 i3八代 8G+128G 集显 银色,3888.00,[]
小米 红米6A AI美颜 3GB+32GB 巴厘蓝 全网通4G手机 双卡双待,669.00,8051122
小米 红米6 4GB+64GB 巴厘蓝 全网通4G手机 双卡双待,849.00,8264427
小米6X 全网通 6GB+64GB 曜石黑 移动联通电信4G手机 双卡双待 智能手机 拍照手机,1399.00,7120002
小米（MI） 笔记本Ruby 15.6英寸笔记本电脑商务办公娱乐游戏学生轻薄国民本 标配｜8代i5/4G/1T+128G/2G独显 Win10 预装正版office,3899.00,[]
小米 红米6A 全网通版 2GB内存 流沙金 16GB 移动联通电信4G手机 双卡双待 拍照手机,569.00,7437768
小米（MI）小米电视4 55英寸 L55M5-AB 4.9mm超薄 2GB+8GB  HDR 4K超高清 蓝牙语音 人工智能语音平板电视,3699.00,5102214
小米8 全面屏游戏智能手机 6GB+128GB 金色 全网通4G 双卡双待,2799.00,7437764
小米8SE 全面屏智能手机 6GB+64GB 蓝色 全网通4G 双卡双待,1699.00,7437752
小米 红米6 Pro AI美颜双摄 4GB+32GB 巴厘蓝 全网通4G手机 双卡双待,899.00,8033419
小米 红米Note5 全网通版 4GB+64GB 玫瑰金 移动联通电信4G手机 双卡双待 拍照手机,1099.00,6600216
小米8 全面屏游戏智能手机 6GB+128GB 蓝色 全网通4G 双卡双待,2799.00,7652143
小米（MI）笔记本电脑Pro 15.6英寸独显做图全固态指纹超薄便携游戏商务办公学 i5八代/8G/256G/MX150 2G,5399.00,[]
小米6X 全网通 4GB+64GB 赤焰红 移动联通电信4G手机 双卡双待 智能手机 拍照手机,1299.00,7120004
小米8SE 全面屏智能手机 6GB+64GB 红色 全网通4G 双卡双待,1699.00,7652151
小米（MI）小米电视4S 55英寸 曲面 L55M5-AQ 2GB+8GB HDR 4K超高清 蓝牙语音 人工智能语音网络液晶平板电视,2999.00,7465894
小米8 全面屏游戏智能手机 8GB+128GB 白色 全网通4G 双卡双待,3099.00,100000232284
小米8SE 全面屏智能手机 6GB+64GB 金色 全网通4G 双卡双待,1699.00,7437770
小米 红米5 Plus 全面屏拍照手机 4GB+64GB 黑色 全网通4G手机 双卡双待,999.00,5911944
小米 红米6A 全网通版 2GB内存 铂银灰 16GB 移动联通电信4G手机 双卡双待 老人机 智能拍照手机,569.00,7437784
小米（MI）90分铝镁合金旅行箱拉杆箱20英寸 男女万向轮登机商务行李箱 金属登机箱-20英寸银色,999.00,[]
小米（MI) 小米电视4S 65英寸Pro L65M5-AD 2GB+16GB HDR 4K超高清 人工智能语音网络液晶平板电视,4499.00,100000875011
小米 8SE 全面屏智能手机 6GB+128GB 蓝色 全网通4G 双卡双待 拍照手机 游戏手机,2099.00,8443344
小米 红米Note5 全网通版 3GB+32GB 玫瑰金 移动联通电信4G手机 双卡双待 拍照手机,839.00,6600262
小米8屏幕指纹版 8GB+128GB 透明版 全网通4G 双卡双待 全面屏拍照游戏智能手机,3399.00,100000400012
小米（MI）小米电视4S 55英寸 L55M5-AD 2GB+8GB HDR 4K超高清 蓝牙语音遥控 人工智能语音网络液晶平板电视,2799.00,7171104
小米（MI） 红米6A 智能老人手机 流沙金 全网通 2G+16G,518.00,29199143054
小米Max3 大屏游戏智能手机 6GB+128GB 蓝色 全网通4G手机 双卡双待,1899.00,8992531
小米（MI） 笔记本Ruby15.6英寸国民轻薄本笔记本电脑家用办公游戏娱乐MX110独显 【明星爆款】八代i5 4G 1T+128G,3888.00,[]
小米 红米6A 全网通版 2GB内存 樱花粉 16GB 移动联通电信4G手机 双卡双待,569.00,7652149
小米8青春版 镜面渐变AI双摄 6GB+128GB 暮光金 全网通4G 双卡双待 全面屏拍照游戏智能手机,1999.00,100000502172
小米 红米Note5 全网通版 3GB+32GB 魔力蓝 移动联通电信4G手机 双卡双待 拍照手机,899.00,6600260
小米6X 全网通 6GB+128GB 流沙金 移动联通电信4G手机 双卡双待 智能手机 拍照手机,1599.00,7119998
小米 8SE 全面屏智能手机 6GB+128GB 金色 全网通4G 双卡双待 拍照手机 游戏手机,2099.00,8443348
小米6X 全网通 6GB+128GB 赤焰红 移动联通电信4G手机 双卡双待 智能手机 拍照手机,1599.00,7333883
小米Max3 大屏游戏智能手机 4GB+64GB 黑色 全网通4G手机 双卡双待,1699.00,7651951
小米（MI） 【小米授权商城店】小米9号平衡车卡丁车套装组配件 卡丁车组件,3009.00,[]
小米（MI） 小米Max2 4G手机 双卡双待 金色 全网通(4G+64G)高配版,985.00,12657645159
小米 红米6 3GB+32GB 樱花粉 全网通4G手机 双卡双待,699.00,7651905
小米8屏幕指纹版 8GB+128GB 暮光金 全网通4G 双卡双待 全面屏拍照游戏智能手机,3399.00,100000400014
小米 红米5 Plus 全面屏拍照手机 4GB+64GB 金色 全网通4G手机 双卡双待,999.00,5911914
小米 红米6 Pro AI美颜双摄 4GB+64GB 流沙金 全网通4G手机 双卡双待,1099.00,8033413
小米MIX2S 全面屏游戏手机 6GB+64GB 白色 全网通4G 陶瓷手机,2699.00,6949473
小米6X 全网通 6GB+64GB 流沙金 移动联通电信4G手机 双卡双待 智能手机 拍照手机,1399.00,7333897
小米（MI） 小米 红米6 全网通4G移动电信版联通 智能老人机手机 大字体 双卡双待 灰色 大字体礼盒版 32G+3G,899.00,[]
小米（MI） 红米6A 老人手机 流沙金 2GB+16GB全网通,518.00,29196113704
小米（MI）小米电视4S 65英寸 L65M5-AD 2GB+8GB HDR 4K超高清 蓝牙语音遥控 人工智能语音网络液晶平板电视,4299.00,100001063252
小米6X 全网通 6GB+128GB 樱花粉 移动联通电信4G手机 双卡双待 智能手机 拍照手机,1599.00,7633901
小米6X 全网通 4GB+64GB 冰川蓝 移动联通电信4G手机 双卡双待 智能手机 拍照手机,1299.00,7119992
小米（MI） 红米6 Pro 手机 曜石黑 全网通 4G+64G,998.00,27453553289
小米6X 全网通 4GB+32GB 赤焰红 移动联通电信4G手机 双卡双待 智能手机 拍照手机,1149.00,7652157
小米6X 全网通 6GB+128GB 冰川蓝 移动联通电信4G手机 双卡双待 智能手机 拍照手机,1599.00,7119976
小米（MI） MIX2S游戏手机 白色 8GB+256GB,3388.00,[]
小米Max3 大屏游戏智能手机 6GB+128GB 金色 全网通4G手机 双卡双待,1899.00,8457423
小米 红米5 Plus 全面屏拍照手机 4GB+64GB 玫瑰金 移动联通电信4G手机 双卡双待,999.00,5835281
小米（MI）小米电视4C 40英寸 L40M5-4C 1GB+4GB 人工智能网络液晶平板电视,1299.00,100001063250
小米6X 全网通 4GB+32GB 赤焰红 移动联通电信4G手机 双卡双待 智能手机 拍照手机,1149.00,7652157
小米6X 全网通 6GB+128GB 冰川蓝 移动联通电信4G手机 双卡双待 智能手机 拍照手机,1599.00,7119976
小米Max3 大屏游戏智能手机 6GB+128GB 金色 全网通4G手机 双卡双待,1899.00,8457423
小米 红米5 Plus 全面屏拍照手机 4GB+64GB 玫瑰金 移动联通电信4G手机 双卡双待,999.00,5835281
小米（MI） 小米8 透明探索版 手机 黑色 全网通(8G RAM + 128G ROM),3639.00,[]
小米（MI）小米电视4C 40英寸 L40M5-4C 1GB+4GB 人工智能网络液晶平板电视,1299.00,100001063250
小米 红米6 Pro AI美颜双摄 4GB+64GB 巴厘蓝 全网通4G手机 双卡双待,1099.00,8033421
小米 红米6 3GB+32GB 巴厘蓝 全网通4G手机 双卡双待,699.00,7437536
小米（MI） 小米MIX3 游戏手机 翡翠色 全网通 (8GB+128GB),3869.00,[]
小米6X 全网通 4GB+32GB 樱花粉 移动联通电信4G手机 双卡双待 智能手机 拍照手机,1149.00,7437778
小米MIX2S 全面屏游戏手机8GB+256GB 翡翠色 全网通4G 陶瓷手机,3599.00,8671011
小米 红米Note5 全网通版 4GB+64GB 魔力蓝 移动联通电信4G手机 双卡双待 拍照手机,1099.00,6600238
小米（MI） 小米6A 红米6A 手机 流沙金 全网通 2G+16G,518.00,28331915219
小米 红米6 Pro AI美颜双摄 3GB+32GB 樱花粉 全网通4G手机 双卡双待,869.00,8033415
小米 红米6A 全网通版 2GB内存 巴厘蓝 16GB 移动联通电信4G手机 双卡双待,569.00,7652135
小米6X 全网通 6GB+64GB 赤焰红 移动联通电信4G手机 双卡双待 智能手机 拍照手机,1399.00,7120000
小米（MI） 小米8青春版  智能手机 深空灰 全网通 6+128G,2099.00,[]
小米 红米Note5 全网通版 4GB+64GB 赤焰红 移动联通电信4G手机 双卡双待 拍照手机,1129.00,7834054
小米Max2 大屏手机 4GB+128GB 金色 全网通4G手机 双卡双待,1299.00,5159244
小米 红米6 Pro AI美颜双摄 4GB+64GB 樱花粉 全网通4G手机 双卡双待,1099.00,7819758
小米（MI） 小米6x 手机 曜石黑 全网通(6G+64G),1299.00,27594357059
小米 红米6 Pro AI美颜双摄 4GB+64GB 赤焰红 全网通4G手机 双卡双待,1099.00,8033431
小米Max3 大屏游戏智能手机 4GB+64GB 金色 全网通4G手机 双卡双待,1699.00,8245366
小米Max2 大屏手机 4GB+64GB 黑色 全网通4G手机 双卡双待,1099.00,5159272
小米（MI） 小米8 手机 黑色 全网通(6G RAM + 128G ROM),2569.00,[]
小米（MI） 小米MIX3 滑盖游戏手机 黑色 全网通8GB+128GB,3578.00,32835603935
小米（MI） 小米红米6a手机 铂银灰 标配版（2G+16G）,518.00,28405511792
小米 红米Note5 全网通版 4GB+64GB 金色 移动联通电信4G手机 双卡双待 拍照手机,1129.00,6600240
小米8 全面屏游戏智能手机 6GB+256GB 蓝色 全网通4G 双卡双待,3099.00,7437766
小米 红米6 Pro AI美颜双摄 3GB+32GB 流沙金 全网通4G手机 双卡双待,869.00,8033411
小米（MI） 红米6 pro 手机 曜石黑 全网通 4+64GB,1068.00,29659404127
小米（MI）电视65英寸 智能液晶WiFi网络平板4K电视机2G+8G  4A L65M5,3699.00,27327696026
小米(MI) 充电宝 20000毫安 移动电源2C 大容量充电宝 双向快充 聚合物 适用于平板/手机 小米移动电源2C,123.00,[]
小米8 全面屏游戏智能手机 6GB+256GB 金色 全网通4G 双卡双待,3099.00,7652167
小米（MI）电视 32英寸标准版高清LED液晶WIFI智能网络平板机 4A L32M5-AZ,896.00,27316775169
小米（MI） 红米5 plus 手机 金色 全网通3GB+32GB,779.00,20347103098
小米（MI） 小米8青春版手机 梦幻蓝 6G+128G 全网通,1899.00,32921967814
小米（MI） 红米6pro 手机 曜石黑 全网通 4G+64G,1138.00,29618856180
小米（MI） 小米8 手机 黑色 全网通 6GB+128GB,2558.00,25533160226
小米（MI） 红米6a 全面屏手机 流沙金 2G+16G,525.00,32037945918
小米（MI） 红米6A 全面屏全网通4G移动电信版联通 智能老人机手机 大字体 双卡双待 灰色32G+3G全网通送大字桌面,799.00,[]
小米6X 全网通 6GB+64GB 冰川蓝 移动联通电信4G手机 双卡双待 智能手机 拍照手机,1399.00,7333885
小米（MI）小米电视4S 50英寸 L50M5-AD  2GB+8GB 4K超高清 HDR 蓝牙语音遥控 人工智能语音网络液晶平板电视,2399.00,7365058
小米（MI） 红米6 手机 流沙金 全网通4+64G,799.00,32206867873
小米（MI） 小米6X 手机 曜石黑 全网通 6G+64G,1298.00,25054453995
小米 红米5 Plus 全面屏拍照手机  4GB+64GB 浅蓝色 移动联通电信4G手机 双卡双待,999.00,5835299
小米（MI） 黑鲨Helo 2代 双液冷 更能打 游戏手机 极夜黑 全网通(8GB+128GB),3538.00,35944908482
小米8 全面屏游戏智能手机 6GB+256GB 白色 全网通4G 双卡双待,3099.00,7652155
小米（MI） 红米Note5 全面屏 双卡双待 4G 智能手机 金色 全网通  4G+64G,1109.00,[]
小米（MI）电视4S 43英寸4K超高清屏智能wifi网络平板电视机蓝牙语音遥控彩电 小米电视4S 43英寸（运输中碎屏保价）,1799.00,28931051834
小米MIX2 全面屏游戏手机 6GB+128GB 黑色 全网通4G手机 双卡双待,2299.00,5001213
小米（MI） 小米红米6a手机 流沙金 标配版（2G+16G）,518.00,29311482025
爱心东东小米（MI） 小米 Mix3 游戏手机 黑色 全网通(8G+128G),4900.00,35318926293
小米（MI） 红米6A 全面屏手机 老人手机 全网通（2G+16G）流沙金,519.00,17462145865
小米（MI） 小米8青春版 手机 梦幻蓝 全网通(6G+128G),1738.00,33277169973
小米Max2 大屏手机 4GB+128GB 金色 移动4G+全网通4G手机 双卡双待,1249.00,4638239
小米（MI） 小米8青春版手机 深空灰 6G+64G 全网通,1638.00,[]
小米 红米6 Pro AI美颜双摄 3GB+32GB 巴厘蓝 全网通4G手机 双卡双待,869.00,7819744
小米（MI）电视 50英寸 4K 智能WiFi网络平板 液晶电视机(黑色)4A L50M5-AD,1959.00,27327293446
小米（MI） 红米6a 全面屏手机 铂银灰 2G+16G,525.00,32037945916
